Title	Item Type	Publication Year	Author.x	Publication Title	1st_author_origin	study_city	study_country	spatial_scale	type_of_analysis	disciplinary_focus	component	paradigm	dev_author_country	dev_sc	Author	Tema.central	Por.qué.no.se.incluye.	Información.extra	
5-Year study of rainwater chemistry in a coastal mega-city in South China	journalArticle	2010	"Huang, Xiao-Feng; Li, Xiang; He, Ling-Yan; Feng, Ning; Hu, Min; Niu, Yu-Wen; Zeng, Li-Wu"	ATMOSPHERIC RESEARCH	China	Shenzhen	China	c	qt	e	a	in	2	2	NA	NA	NA	NA	
A Comparative Analysis of Cruise Ports on the Mediterranean: The Case of Istanbul	conferencePaper	2009	"Kerestecioglu, Funda; Basdogan, Serhat"	SECOND INTERNATIONAL CONFERENCE/WORKSHOP ON THE STATE-OF-THE-ART OF ICM IN THE MEDITERRANEAN & BLACK SEA: IMMEDIATE NEEDS FOR RESEARCH, EDUCATION / TRAINING & IMPLEMENTATION	Turkey	Istanbul	Turkey	c	ql	se	ah	of	1	1	NA	NA	NA	NA	
A comparative study on biodeterioration and weathering effects in three sites of the Latin American cultural heritage	conferencePaper	2003	"Videla, HA; Herrera, LK"	MOLECULAR BIOLOGY AND CULTURAL HERITAGE	Mexico	Merida	Mexico	c	qt	e	a	in	2	2	NA	NA	NA	NA	
A computationally efficient hybrid approach for dynamic gas/aerosol transfer in air quality models	journalArticle	2000	"Capaldo, KP; Pilinis, C; Pandis, SN"	ATMOSPHERIC ENVIRONMENT	USA	Los Angeles	USA	c+	qt	e	b	in	1	1	NA	NA	NA	NA	
A CRITICAL DATA-ANALYSIS AND INTERPRETATION OF THE PH, ION LOADINGS AND ELECTRICAL-CONDUCTIVITY OF RAINWATER FROM THE TERRITORY OF HONG-KONG	journalArticle	1995	"SEQUEIRA, R; LUNG, F"	ATMOSPHERIC ENVIRONMENT	China	Hong Kong	China	c	qt	e	a	in	2	2	NA	NA	NA	NA	
A multi-resolution ensemble study of a tropical urban environment and its interactions with the background regional atmosphere	journalArticle	2013	"Li, Xian-Xiang; Koh, Tieh-Yong; Entekhabi, Dara; Roth, Matthias; Panda, Jagabandhu; Norford, Leslie K."	JOURNAL OF GEOPHYSICAL RESEARCH-ATMOSPHERES	Malaysia	Singapour	Malaysia	c+	qt	e	a	in	2	2	NA	NA	NA	NA	
A Qualitative Study of Environmental Factors Important for Physical Activity in Rural Adults	journalArticle	2015	"Cleland, Verity; Hughes, Clarissa; Thornton, Lukar; Venn, Alison; Squibb, Kathryn; Ball, Kylie"	PLOS ONE	Australia	Tasmania	Australia	c+	ql	se	ah	of	1	1	NA	NA	NA	NA	
A scenario-based approach to assess Ho Chi Minh City's urban development strategies against the impact of climate change	journalArticle	2011	"Storch, Harry; Downes, Nigel K."	CITIES	Germany	Ho Chi Minh City	Vietnam	c	m	ep	ah	for	1	2	NA	NA	NA	NA	
A survey of emerging contaminants in the estuarine receiving environment around Auckland, New Zealand	journalArticle	2014	"Stewart, Michael; Olsen, Greg; Hickey, Christopher W.; Ferreira, Bianca; Jelic, Aleksandra; Petrovic, Mira; Barcelo, Damia"	SCIENCE OF THE TOTAL ENVIRONMENT	New Zealand	Auckland	New Zealand	c-	qt	e	a	in	1	1	NA	NA	NA	NA	
Abundance and survival rates of green turtles in an urban environment: coexistence of humans and an endangered species	journalArticle	2010	"Eguchi, Tomoharu; Seminoff, Jeffrey A.; LeRoux, Robin A.; Dutton, Peter H.; Dutton, Donna L."	MARINE BIOLOGY	USA	San Diego	USA	c-	qt	e	b	in	1	1	NA	NA	NA	NA	
Aerosol particle scavenging by fog and haze droplets	journalArticle	1998	Podzimek, J	STUDIA GEOPHYSICA ET GEODAETICA	USA	Napoli	Italy	c-	qt	e	a	in	1	1	NA	NA	NA	NA	
An analysis of spatial distribution in the exotic slug caterpillar Parasa lepida (Cramer) (Lepidoptera : Limacodidae) at an urban coastal site in central Japan	journalArticle	2007	"Yamazaki, Kazuo; Kitamoto, Toshio; Yariyama, Yoriko; Sugiura, Shinji"	PAN-PACIFIC ENTOMOLOGIST	Japan	Osaka	Japan	c	qt	e	b	in	1	1	NA	NA	NA	NA	
An Animal Geography of Avian Foraging Competition on the Sussex Coast of England	journalArticle	2010	Campbell, Michael	JOURNAL OF COASTAL RESEARCH	Canada	Sussex	UK	c	qt	se	b	in	1	1	NA	NA	NA	NA	
An assessment of site suitability for marina construction in Istanbul, Turkey, using GIS and AHP multicriteria decision analysis	journalArticle	2016	"Gumusay, Mustafa Umit; Koseoglu, Gokalp; Bakirman, Tolga"	ENVIRONMENTAL MONITORING AND ASSESSMENT	Turkey	Istanbul	Turkey	c-	m	sp	ah	for	1	1	NA	NA	NA	NA	
An hourly PM10 diagnosis model for the Bilbao metropolitan area using a linear regression methodology	journalArticle	2013	"Gonzalez-Aparicio, I.; Hidalgo, J.; Baklanov, A.; Padro, A.; Santa-Coloma, O."	ENVIRONMENTAL SCIENCE AND POLLUTION RESEARCH	Spain	Bilbao	Spain	c-	qt	e	a	in	1	1	NA	NA	NA	NA	
An investigation of nucleation events in a coastal urban environment in the Southern Hemisphere	journalArticle	2009	"Mejia, J. F.; Morawska, L."	ATMOSPHERIC CHEMISTRY AND PHYSICS	Australia	Brisbane	Australia	c+	qt	e	a	in	1	1	NA	NA	NA	NA	
Application of climatic guidelines to urban planning The example of Lisbon (Portugal)	journalArticle	2009	"Alcoforado, Maria-Joao; Andrade, Henrique; Lopes, Antonio; Vasconcelos, Joao"	LANDSCAPE AND URBAN PLANNING	Portugal	Lisbon	Portugal	c	m	ep	ah	for	1	1	NA	NA	NA	NA	
Application of coastal vegetation to green roofs of residential buildings in Taiwan	journalArticle	2015	"Chen, Yu-Chi; Pei, Lian; Shiau, Yan-Chyuan"	ARTIFICIAL LIFE AND ROBOTICS	Taiwan	review	Taiwan	c+	ql	se	bh	of	2	2	NA	NA	NA	NA	
Application of the VH-TDMA technique to coastal ambient aerosols	journalArticle	2004	"Johnson, G; Ristovski, Z; Morawska, L"	GEOPHYSICAL RESEARCH LETTERS	Australia	Brisbane	Australia	c-	qt	e	a	in	1	1	NA	NA	NA	NA	
Assesment of PM10 pollution episodes in a ceramic cluster (NE Spain): Proposal of a new quality index for PM10, As, Cd, Ni and Pb	journalArticle	2012	"Vicente, A. B.; Sanfeliu, T.; Jordan, M. M."	JOURNAL OF ENVIRONMENTAL MANAGEMENT	Spain	Castellon	Spain	c-	qt	e	a	in	1	1	NA	NA	NA	NA	
Assessing the urban water balance: the Urban Water Flow Model and its application in Cyprus	journalArticle	2012	"Charalambous, Katerina; Bruggeman, Adriana; Lange, Manfred A."	WATER SCIENCE AND TECHNOLOGY	Cyprus	Limassol	Cyprus	c	qt	se	ah	of	1	1	NA	NA	NA	NA	
Assessing urban flooding vulnerability with an emergy approach	journalArticle	2015	"Chang, Li-Fang; Huang, Shu-Li"	LANDSCAPE AND URBAN PLANNING	Taiwan	review	Taiwan	review	m	se	ah	of	2	2	NA	NA	NA	NA	
Assessment of Beach Access Paths on Dune Vegetation: Diversity, Abundance, and Cover	journalArticle	2015	"Purvis, Kelly Grant; Gramling, Joel M.; Murren, Courtney J."	JOURNAL OF COASTAL RESEARCH	USA	Isle of Palms	USA	c-	qt	e	a	in	1	1	NA	NA	NA	NA	
Assessment of the influence of traffic-related particles in urban dust using sequential selective extraction and oral bioaccessibility tests	journalArticle	2015	"Patinha, C.; Duraes, N.; Sousa, P.; Dias, A. C.; Reis, A. P.; Noack, Y.; Ferreira da Silva, E."	ENVIRONMENTAL GEOCHEMISTRY AND HEALTH	Portugal	Estarreja	Portugal	c	qt	e	a	in	1	1	NA	NA	NA	NA	
Atmospheric particle dry deposition of major ions to the South Atlantic coastal area observed at Baia de Todos os Santos, Brazil	journalArticle	2014	"Mkoma, Stelyus L.; da Rocha, Gisele O.; Domingos, Jose S. S.; Santos, Joao V. S.; Cardoso, Manuela P.; da Silva, Rogerio L.; de Andrade, Jailson B."	ANAIS DA ACADEMIA BRASILEIRA DE CIENCIAS	Brazil	Salvador	Brazil	c-	qt	e	a	in	2	2	NA	NA	NA	NA	
Benzene and toluene in New Zealand air	journalArticle	1996	"Clarkson, TS; Martin, RJ; Rudolph, J; Graham, BWL"	ATMOSPHERIC ENVIRONMENT	New Zealand	Wellington	New Zealand	c+	qt	e	a	in	1	1	NA	NA	NA	NA	
Bioclimatic comfort and the thermal perceptions and preferences of beach tourists	journalArticle	2015	"Rutty, Michelle; Scott, Daniel"	INTERNATIONAL JOURNAL OF BIOMETEOROLOGY	Canada	Barbados, Sant Lucia, Tobago	Barbados, Sant Lucia, Tobago	c-	qt	se	ah	of	1	1	NA	NA	NA	NA	
Blue carbon in human-dominated estuarine and shallow coastal systems	journalArticle	2016	"Kuwae, Tomohiro; Kanda, Jota; Kubo, Atsushi; Nakajima, Fumiyuki; Ogawa, Hiroshi; Sohma, Akio; Suzumura, Masahiro"	AMBIO	Japan	review	review	c-	qt	e	a	in	1	2	NA	NA	NA	NA	
Brain cholinesterase reactivation as a marker of exposure to anticholinesterase pesticides: a case study in a population of yellow-legged gull Larus michahellis (Naumann, 1840) along the northern coast of Portugal	journalArticle	2016	"Santos, Catia S. A.; Monteiro, Marta S.; Soares, Amadeu M. V. M.; Loureiro, Susana"	ENVIRONMENTAL SCIENCE AND POLLUTION RESEARCH	Portugal	Porto	Portugal	c-	qt	e	ab	in	1	1	NA	NA	NA	NA	
Carbonaceous aerosol in urban and rural European atmospheres: estimation of secondary organic carbon concentrations	journalArticle	1999	"Castro, LM; Pio, CA; Harrison, RM; Smith, DJT"	ATMOSPHERIC ENVIRONMENT	Portugal	Aveiro	Portugal	c	qt	e	a	in	1	1	NA	NA	NA	NA	
Challenges and Benefits in the Design of Coastal Walking and Cycling Amenities: Toward a More Integrated Coastal Management Approach	journalArticle	2015	"Farrell, Myles; Cooper, Andrew; Yates, Katherine"	COASTAL MANAGEMENT	UK	Dublin	Ireland	c-	ql	ep	ah	for	1	1	NA	NA	NA	NA	
Characterisation of particle mass and number concentration on the east coast of the Malaysian Peninsula during the northeast monsoon	journalArticle	2015	"Dominick, Doreena; Latif, Mohd Talib; Juneng, Liew; Khan, Md Firoz; Amil, Norhaniza; Mead, Mohammed Iqbal; Nadzir, Mohd Shahrul Mohd; Moi, Phang Siew; Abu Samah, Azizan; Ashfold, Matthew J.; Sturges, William T.; Harris, Neil R. P.; Robinson, Andrew D.; Pyle, John A."	ATMOSPHERIC ENVIRONMENT	Malaysia	Bachok	Malaysia	c-	qt	e	a	in	2	2	NA	NA	NA	NA	
Characteristics and sources of atmospheric mercury speciation in a coastal city, Xiamen, China	journalArticle	2015	"Xu, Lingling; Chen, Jinsheng; Yang, Liming; Niu, Zhenchuan; Tong, Lei; Yin, Liqian; Chen, Yanting"	CHEMOSPHERE	China	Xiamen	China	c	qt	e	a	in	2	2	NA	NA	NA	NA	
Characteristics of formation and growth of atmospheric nanoparticles observed at four regional background sites in Korea	journalArticle	2016	"Kim, Yumi; Kim, Sang-Woo; Yoon, Soon-Chang; Park, Jin-Soo; Lim, Jae-Hyun; Hong, Jihyung; Lim, Han-Cheol; Ryu, Jegyu; Lee, Chul-Kyu; Heo, Bok-Haeng"	ATMOSPHERIC RESEARCH	Korea	Incheon	Korea	c-	qt	e	a	in	1	1	NA	NA	NA	NA	
Characterization of PM Using Multiple Site Data in a Heavily Industrialized Region of Turkey	journalArticle	2015	"Kara, Melik; Hopke, Philip K.; Dumanoglu, Yetkin; Altiok, Hasan; Elbir, Tolga; Odabasi, Mustafa; Bayram, Abdurrahman"	AEROSOL AND AIR QUALITY RESEARCH	Turkey	Aliaga	Turkey	c	qt	e	a	in	1	1	NA	NA	NA	NA	
Chemical characterization and source apportionment of size-segregated aerosol collected at an urban site in sicily	journalArticle	2007	"Rinaldi, M.; Emblico, L.; Decesari, S.; Fuzzi, S.; Facchini, M. C.; Librando, V."	WATER AIR AND SOIL POLLUTION	Italy	Catania	Italy	c	qt	e	a	in	1	1	NA	NA	NA	NA	
Chemical characterization of dew water collected in different geographic regions of Poland	journalArticle	2008	"Polkowska, Zaneta; Blas, Marek; Klimaszewska, Kamila; Sobik, Mieczyslaw; Malek, Stanislaw; Namiesnik, Jacek"	SENSORS	Poland	Gdansk	Poland	c-	qt	e	a	in	2	2	NA	NA	NA	NA	
Chemical composition and sources of particle pollution in affluent and poor neighborhoods of Accra, Ghana	journalArticle	2013	"Zhou, Zheng; Dionisio, Kathie L.; Verissimo, Thiago G.; Kerr, Americo S.; Coull, Brent; Arku, Raphael E.; Koutrakis, Petros; Spengler, John D.; Hughes, Allison F.; Vallarino, Jose; Agyei-Mensah, Samuel; Ezzati, Majid"	ENVIRONMENTAL RESEARCH LETTERS	USA	Accra	Ghana	c	qt	e	a	in	1	2	NA	NA	NA	NA	
Climate change impacts and human settlements in Africa: Prospects for adaptation	journalArticle	2000	Magadza, CHD	ENVIRONMENTAL MONITORING AND ASSESSMENT	Zimbabwe	review	review	c+	ql	cm	ah	of	2	2	NA	NA	NA	NA	
Coastal Cities and Environmental Change	journalArticle	2014	Mosley, Stephen	ENVIRONMENT AND HISTORY	UK	review	review	c	o	ep	ah	for	1	2	NA	NA	NA	NA	
Coastal flooding, climate change and environmental justice: identifying obstacles and incentives for adaptation in two metropolitan Boston Massachusetts communities	journalArticle	2012	"Douglas, Ellen M.; Kirshen, Paul H.; Paolisso, Michael; Watson, Chris; Wiggin, Jack; Enrici, Ashley; Ruth, Matthias"	MITIGATION AND ADAPTATION STRATEGIES FOR GLOBAL CHANGE	USA	Boston	USA	c-	m	se	ah	of	1	1	NA	NA	NA	NA	
Coastal geomorphological change monitoring by remote sensing techniques in Nouakchott, Mauritania	conferencePaper	2003	"Wu, WC; Courel, MF; Le Rhun, J"	REMOTE SENSING FOR ENVIRONMENTAL MONITORING, GIS APPLICATIONS, AND GEOLOGY II	France	Nouakchott	Mauritania	c	qt	e	a	in	1	2	NA	NA	NA	NA	
Coastline evolution monitoring and estimation - a case study in the region of Nouakchott, Mauritania	journalArticle	2007	Wu, W.	INTERNATIONAL JOURNAL OF REMOTE SENSING	France	Nouakchott	Mauritania	c	qt	e	a	in	1	2	NA	NA	NA	NA	
Columnar aerosol properties in Valencia (Spain) by ground-based Sun photometry	journalArticle	2007	"Estelles, Victor; Martinez-Lozano, Jose A.; Utrillas, Maria P.; Campanelli, Monica"	JOURNAL OF GEOPHYSICAL RESEARCH-ATMOSPHERES	Spain	Valencia	Spain	c	qt	e	a	in	1	1	NA	NA	NA	NA	
Complementary methods to plan pedestrian evacuation of the French Riviera's beaches in case of tsunami threat: graph- and multi-agent-based modelling	journalArticle	2013	"Sahal, A.; Leone, F.; Peroche, M."	NATURAL HAZARDS AND EARTH SYSTEM SCIENCES	France	Mandelieu	France	c	m	se	ah	of	1	1	NA	NA	NA	NA	
Conclusions to the special volume of science of the total environment concerning UK fluxes to the North Sea, Land Ocean Interaction Study river basins research, the first two years	journalArticle	1997	"Neal, C; House, WA; Jarvie, HP; Leeks, GJL; Marker, AH"	SCIENCE OF THE TOTAL ENVIRONMENT	UK	review	UK	c+	o	se	ah	of	1	1	NA	NA	NA	NA	
Conservation Investment for Rare Plants in Urban Environments	journalArticle	2013	"Schwartz, Mark W.; Smith, Lacy M.; Steel, Zachary L."	PLOS ONE	USA	San Francisco	USA	c-	qt	ep	bh	for	1	1	NA	NA	NA	NA	
Contaminants in urban runoff to Norwegian fjords	journalArticle	2010	"Jartun, Morten; Pettersen, Arne"	JOURNAL OF SOILS AND SEDIMENTS	Norway	Bergen	Norway	c-	qt	e	a	in	1	1	NA	NA	NA	NA	
Contamination of outdoor settled dust by butyltins in Malta	journalArticle	2007	"Decelis, Rachel; Vella, Alfred J."	APPLIED ORGANOMETALLIC CHEMISTRY	Malta	na	Malta	c	qt	e	a	in	1	1	NA	NA	NA	NA	
Corrosion behavior of 316L and 304 stainless steels exposed to industrial-marine-urban environment: field study	journalArticle	2016	"Dhaiveegan, P.; Elangovan, N.; Nishimura, T.; Rajendran, N."	RSC ADVANCES	India	na	India	c+	qt	e	a	in	2	2	NA	NA	NA	NA	
Costs of Adapting Coastal Defences to Sea-Level Rise-New Estimates and Their Implications	journalArticle	2013	"Jonkman, Sebastiaan N.; Hillen, Marten M.; Nicholls, Robert J.; Kanning, Wim; van Ledden, Mathijs"	JOURNAL OF COASTAL RESEARCH	Netherlands	na	na	c+	qt	sp	a	for	1	na	NA	NA	NA	NA	
CURRENT DISTRIBUTION, HABITAT USE, AND BREEDING RECORDS OF THE HOUSE SPARROW (PASSER DOMESTICUS) IN VENEZUELA	journalArticle	2016	"Sainz-Borgo, Cristina; Giner, Sandra; Gonzalez-Carcacia, Jose A.; Caula, Sabina; Escola Bracho, Fidel; Carlos Fernandez-Ordonez, Juan; Hernandez, Cheyla; Hernandez, Marieta; Marin-Espinoza, Gedio; Torres, Lermith; Rodriguez-Ferraro, Adriana"	ORNITOLOGIA NEOTROPICAL	Venezuela	Falcon	Venezuela	c+	qt	e	b	in	2	2	NA	NA	NA	NA	
Daytime urban heat islands from Landsat ETM+ and Corine land cover data: An application to major cities in Greece	journalArticle	2007	"Stathopoulou, Marina; Cartalis, Constantinos"	SOLAR ENERGY	Greece	Thessaloniki	Greece	c	m	e	a	in	1	1	NA	NA	NA	NA	
DETECTING COASTAL URBANIZATION AND LAND USE CHANGE IN SOUTHERN TURKEY	journalArticle	2016	"Alphan, Hakan; Guvensoy, Laden"	JOURNAL OF ENVIRONMENTAL ENGINEERING AND LANDSCAPE MANAGEMENT	Turkey	Mersin	Turkey	c+	qt	se	ah	of	1	1	NA	NA	NA	NA	
Differences in Benzene Patterns Among Traffic and Industrial Areas and a Prediction Model for Benzene Rates Based on NOx Values	journalArticle	2015	"Paz, Shlomit; Goldstein, Pavel; Kordova-Biezuner, Levana; Adler, Lea"	WATER AIR AND SOIL POLLUTION	Israel	Tel Aviv	Israel	c	qt	e	a	in	1	1	NA	NA	NA	NA	
Disasters, migrations, and the unintended consequences of urbanization: What's the harm in getting out of harm's way?	journalArticle	2016	"Wolsko, Christopher; Marino, Elizabeth"	POPULATION AND ENVIRONMENT	USA	Shishmaref	Alaska	c	o	se	ah	of	1	2	NA	NA	NA	NA	
District cooling and heating with seawater as heat source and sink in Dalian, China	journalArticle	2007	"Zhen, Li; Duanmu, Lin; Shu, H. W.; Jiang, Shuang; Zhu, Y. X."	RENEWABLE ENERGY	China	Dalian	China	c	qt	e	a	in	2	2	NA	NA	NA	NA	
Diurnal and intra-urban particle concentrations in relation to windspeed and stability during the dry season in three African cities	journalArticle	2009	"Eliasson, I.; Jonsson, P.; Holmer, B."	ENVIRONMENTAL MONITORING AND ASSESSMENT	Sweden	Dar es Salaam	Tanzania	c	qt	e	a	in	1	2	NA	NA	NA	NA	
Does avian flight initiation distance indicate tolerance towards urban disturbance?	journalArticle	2012	"Lin, Tao; Coppack, Timothy; Lin, Qing-xian; Kulemeyer, Christoph; Schmidt, Andreas; Behm, Holger; Luo, Tao"	ECOLOGICAL INDICATORS	China	Xiamen	China	c	qt	e	b	in	2	2	NA	NA	NA	NA	
Drill-cored rock pools: an effective method of ecological enhancement on artificial structures	journalArticle	2016	"Evans, Ally J.; Firth, Louise B.; Hawkins, Stephen J.; Morris, Elisabeth S.; Goudge, Harry; Moore, Pippa J."	MARINE AND FRESHWATER RESEARCH	UK	Tywyn	UK	c-	qt	e	ab	in	1	1	NA	NA	NA	NA	
Early urban impact on Mediterranean coastal environments	journalArticle	2013	"Kaniewski, David; Van Campo, Elise; Morhange, Christophe; Guiot, Joel; Zviely, Dov; Shaked, Idan; Otto, Thierry; Artzy, Michal"	SCIENTIFIC REPORTS	France	Akko	Israel	c-	qt	e	b	in	1	1	NA	NA	NA	NA	
Ecosystem indicators for Southeast Florida beaches	journalArticle	2014	"Marshall, Frank E.; Banks, Kenneth; Cook, Geoffrey S."	ECOLOGICAL INDICATORS	USA	Jacksonville	USA	c+	ql	se	ah	of	1	1	NA	NA	NA	NA	
Editorial Improving the productivity and sustainability of terrestrial and aquatic food production systems: future perspectives	journalArticle	2011	"Crute, I. R.; Muir, J. F."	JOURNAL OF AGRICULTURAL SCIENCE	UK	na	UK	na	o	ep	ah	for	1	1	NA	NA	NA	NA	
Effects of Hurricane Katrina on the urban resident landbirds of New Orleans, Louisiana	journalArticle	2008	Yaukey, Peter H.	CONDOR	USA	New Orleans	USA	c	qt	e	ab	in	1	1	NA	NA	NA	NA	
Environmental impact on the Roman monuments of Tarragona, Spain	journalArticle	1996	"VendrellSaz, M; GarciaValles, M; Alarcon, S; Molera, J"	ENVIRONMENTAL GEOLOGY	Spain	Tarragona	Spain	c	qt	se	a	in	1	1	NA	NA	NA	NA	
Evaluating wetlands within an urban context	journalArticle	2000	Ehrenfeld, JG	ECOLOGICAL ENGINEERING	USA	New Jersey	USA	c	ql	e	a	in	1	1	NA	NA	NA	NA	
Evaluation of urban environment pollution based on the accumulation of macro- and trace elements in epiphytic lichens	journalArticle	2016	"Parzych, Agnieszka; Astel, Aleksander; Zdunczyk, Anna; Surowiec, Tomasz"	JOURNAL OF ENVIRONMENTAL SCIENCE AND HEALTH PART A-TOXIC/HAZARDOUS SUBSTANCES & ENVIRONMENTAL ENGINEERING	Poland	Slupsk	Poland	c	qt	e	ab	in	2	2	NA	NA	NA	NA	
Extreme sea-level rise and adaptation options for coastal resort cities: A qualitative assessment from the Gold Coast, Australia	journalArticle	2012	"Cooper, J. A. G.; Lemckert, C."	OCEAN & COASTAL MANAGEMENT	Ireland	Brisbane	Australia	c+	o	ep	ah	for	1	1	NA	NA	NA	NA	
Feelings of restoration from recent nature visits	journalArticle	2013	"White, Mathew P.; Pahl, Sabine; Ashbullby, Katherine; Herbert, Stephen; Depledge, Michael H."	JOURNAL OF ENVIRONMENTAL PSYCHOLOGY	UK	na	UK	c+	qt	se	ah	of	1	1	NA	NA	NA	NA	
Fine-scale flight strategies of gulls in urban airflows indicate risk and reward in city living	journalArticle	2016	"Shepard, Emily L. C.; Williamson, Cara; Windsor, Shane P."	PHILOSOPHICAL TRANSACTIONS OF THE ROYAL SOCIETY B-BIOLOGICAL SCIENCES	UK	Swansea City	UK	c	qt	ep	bh	for	1	1	NA	NA	NA	NA	
Fluctuation of groundwater in an urban coastal city of India: a GIS-based approach	journalArticle	2011	"Vijay, Ritesh; Sharma, Abhinav; Ramya, S. S.; Gupta, Apurba"	HYDROLOGICAL PROCESSES	India	Puri	India	c	qt	e	a	in	2	2	NA	NA	NA	NA	
FORAGING ECOLOGY OF FOUR GULL SPECIES AT A COASTAL-URBAN INTERFACE	journalArticle	2013	"Washburn, Brian E.; Bernhardt, Glen E.; Kutschbach-Brohl, Lisa; Chipman, Richard B.; Francoeur, Laura C."	CONDOR	USA	New York	USA	c-	qt	e	b	in	1	1	NA	NA	NA	NA	
Globalization, tourism and local living conditions on Jamaica's north coast	journalArticle	2009	Dodman, David	SINGAPORE JOURNAL OF TROPICAL GEOGRAPHY	UK	Lucea	Jamaica	c	qt	se	h	for	1	2	NA	NA	NA	NA	
Groundwater quality and its change over a decade: An analysis of a coastal urban environment from the west coast of India	journalArticle	2004	"Rajesh, R; Murthy, TRS"	ENVIRONMENTAL GEOLOGY	India	Mangalore	India	c	qt	e	a	in	2	2	NA	NA	NA	NA	
Gulls in urban environments: landscape-level management to reduce conflict	journalArticle	1997	Belant, JL	LANDSCAPE AND URBAN PLANNING	USA	na	na	c+	ql	se	bh	of	1	na	NA	NA	NA	NA	
HUMAN EXPOSURE TO CHLOROFORM IN A COASTAL URBAN-ENVIRONMENT	journalArticle	1979	BARCELONA, MJ	JOURNAL OF ENVIRONMENTAL SCIENCE AND HEALTH PART A-ENVIRONMENTAL SCIENCE AND ENGINEERING & TOXIC AND HAZARDOUS SUBSTANCE CONTROL	USA	Los Angeles	USA	c	qt	se	a	in	1	1	NA	NA	NA	NA	
Human thermal perception of Coastal Mediterranean outdoor urban environments	journalArticle	2013	"Cohen, Pninit; Potchter, Oded; Matzarakis, Andreas"	APPLIED GEOGRAPHY	Israel	Tel Aviv	Israel	c	qt	se	ah	of	1	1	NA	NA	NA	NA	
Impacts of Aerosol Particle Size Distribution and Land Cover Land Use on Precipitation in a Coastal Urban Environment Using a Cloud-Resolving Mesoscale Model	journalArticle	2014	"Hosannah, Nathan; Gonzalez, Jorge E."	ADVANCES IN METEOROLOGY	USA	New York	several	c	qt	e	a	in	1	2	NA	NA	NA	NA	
IMPACTS OF LAND USE ON QUANTITY AND QUALITY OF URBAN RUNOFF (HERZLIYA AND RA'ANANA CASE STUDY)	conferencePaper	2010	"Garzuzi, J.; Goldshleger, N.; Ben-Dor, E.; Asaf, L.; Ben-Yamin, R."	CORE SPATIAL DATABASES - UPDATING, MAINTENANCE AND SERVICES - FROM THEORY TO PRACTICE	Israel	Herzliya	Israel	c	m	ep	ah	for	1	1	NA	NA	NA	NA	
Importance of matrix permeability and quantity of core habitat for persistence of a threatened saltmarsh bird	journalArticle	2013	"Ashcroft, Michael B.; Major, Richard E."	AUSTRAL ECOLOGY	Australia	Sydney	Australia	c+	qt	e	b	in	1	1	NA	NA	NA	NA	
Increases in the climate change adaption effectiveness and availability of vegetation across a coastal to desert climate gradient inmetropolitan Los Angeles, CA, USA	journalArticle	2016	"Tayyebi, Amin; Jenerette, G. Darrel"	SCIENCE OF THE TOTAL ENVIRONMENT	USA	Los Angeles	USA	c	qt	e	ab	in	1	1	NA	NA	NA	NA	
INFLUENCE OF SUBURBAN HABITAT ON A WINTERING BIRD COMMUNITY IN COASTAL NORTHERN CALIFORNIA	journalArticle	2010	"Kalinowski, Ryan S.; Johnson, Matthew D."	CONDOR	USA	Arcata	USA	c	qt	e	b	in	1	1	NA	NA	NA	NA	
Insights and Opportunities Offered by a Rapid Ecosystem Service Assessment in Promoting a Conservation Agenda in an Urban Biodiversity Hotspot	journalArticle	2012	"O'Farrell, Patrick J.; Anderson, Pippin M. L.; Le Maitre, David C.; Holmes, Patricia M."	ECOLOGY AND SOCIETY	South Africa	Cape Town	South Africa	c	qt	ep	ah	for	2	2	NA	NA	NA	NA	
Integration of Lidar Data into a Coupled Mesoscale-Land Surface Model: A Theoretical Assessment of Sensitivity of Urban-Coastal Mesoscale Circulations to Urban Canopy Parameters	journalArticle	2012	"Carter, Michael; Shepherd, J. Marshall; Burian, Steve; Jeyachandran, Indu"	JOURNAL OF ATMOSPHERIC AND OCEANIC TECHNOLOGY	USA	Houston	USA	c	m	e	a	in	1	1	NA	NA	NA	NA	
Inter-community variability in total particle number concentrations in the eastern Los Angeles air basin	journalArticle	2010	"Hudda, N.; Cheung, K.; Moore, K. F.; Sioutas, C."	ATMOSPHERIC CHEMISTRY AND PHYSICS	USA	Los Angeles	USA	c-	qt	e	a	in	1	1	NA	NA	NA	NA	
Larval Development of Aedes aegypti and Aedes albopictus in Peri-Urban Brackish Water and Its Implications for Transmission of Arboviral Diseases	journalArticle	2011	"Ramasamy, Ranjan; Surendran, Sinnathamby N.; Jude, Pavilupillai J.; Dharshini, Sangaralingam; Vinobaba, Muthuladchumy"	PLOS NEGLECTED TROPICAL DISEASES	Sri Lanka	Batticaloa	Sri Lanka	c-	qt	e	b	in	2	2	NA	NA	NA	NA	
Lead concentrations and isotopes in aerosols from Xiamen, China	journalArticle	2010	"Zhu, Laimin; Tang, Jianwu; Lee, Ben; Zhang, Yu; Zhang, Feifei"	MARINE POLLUTION BULLETIN	China	Xiamen	China	c	qt	e	a	in	2	2	NA	NA	NA	NA	
Maintenance of MHC Class IIB diversity in a recently established songbird population	journalArticle	2012	"Whittaker, Danielle J.; Dapper, Amy L.; Peterson, Mark P.; Atwell, Jonathan W.; Ketterson, Ellen D."	JOURNAL OF AVIAN BIOLOGY	USA	San Diego	USA	c-	qt	e	b	in	1	1	NA	NA	NA	NA	
Mapping micro-urban heat islands using NOAA/AVHRR images and CORINE Land Cover: an application to coastal cities of Greece	journalArticle	2004	"Stathopoulou, M; Cartalis, C; Keramitsoglou, I"	INTERNATIONAL JOURNAL OF REMOTE SENSING	Greece	Thessaloniki	Greece	c	qt	e	a	in	1	1	NA	NA	NA	NA	
Mapping underground utilities within conductive soil using multi-frequency electromagnetic induction and ground penetrating radar	journalArticle	2015	"Rashed, Mohamed; Atef, Ali"	ARABIAN JOURNAL OF GEOSCIENCES	Saudi Arabia	Jeddah City	Saudi Arabia	c	m	se	ah	of	2	2	NA	NA	NA	NA	
Measurements of atmospheric aerosols with diameters greater than 10 mu m and their contribution to fixed nitrogen deposition in coastal urban environment	journalArticle	2011	"Matsumoto, Kiyoshi; Tominaga, Sae; Igawa, Manabu"	ATMOSPHERIC ENVIRONMENT	Japan	Yokohama	Japan	c	qt	e	a	in	1	1	NA	NA	NA	NA	
Merging Socioeconomic Imperatives with Geospatial Data: A Non-Negotiable for Coastal Risk Management in South Africa	journalArticle	2015	"Colenbrander, Darryl R.; Sowman, Merle R."	COASTAL MANAGEMENT	South Africa	Cape town	South Africa	c+	ql	ep	ah	for	2	2	NA	NA	NA	NA	
Mitigating Threats of Small Vessels to Maritime Security	conferencePaper	2012	"Trischitta, Patrick R.; Salloum, Hady; Bunin, Barry; Orton, Philip"	2012 IEEE INTERNATIONAL CONFERENCE ON TECHNOLOGIES FOR HOMELAND SECURITY	USA	New York	USA	c-	o	sp	ah	for	1	1	NA	NA	NA	NA	
Monitoring land surface and cover in urban and peri-urban environments using digital aerial photography	journalArticle	2016	"Caccetta, Peter; Collings, Simon; Devereux, Andrew; Hingee, Kassell; McFarlane, Don; Traylen, Anthony; Wu, Xiaoliang; Zhou, Zheng-Shu"	INTERNATIONAL JOURNAL OF DIGITAL EARTH	Australia	Perth	Australia	c+	m	se	a	of	1	1	NA	NA	NA	NA	
Movement and activity patterns of eastern coyotes in a coastal, suburban environment	journalArticle	2004	"Way, JG; Ortega, IM; Strauss, EG"	NORTHEASTERN NATURALIST	2004	USA	Boston	USA	c-	qt	e	b	in	1	1	NA	NA	NA	NA
Multi-Source Characteristics of Atmospheric Deposition in Nanjing, China, as Controlled by East Asia Monsoons and Urban Activities	journalArticle	2016	"Shanquan, Li; Ganlin, Zhang; Jinling, Yang; Nan, Jia"	PEDOSPHERE	China	Nanjing	China	c	qt	e	a	in	2	2	NA	NA	NA	NA	
On-line alkali analysis of individual aerosol particles in urban air	journalArticle	2005	"Svane, M; Janhall, S; Hagstrom, M; Hallquist, M; Pettersson, JBC"	ATMOSPHERIC ENVIRONMENT	Sweden	Goteborg	Sweden	c-	qt	e	a	in	1	1	NA	NA	NA	NA	
On the Environmental Sustainability of Building Integrated Solar Technologies in a Coastal City	journalArticle	2013	"Lebassi, B.; Gonzalez, J. E.; Bornstein, R. D."	JOURNAL OF SOLAR ENERGY ENGINEERING-TRANSACTIONS OF THE ASME	USA	Long Beach	USA	c+	qt	se	ah	of	1	1	NA	NA	NA	NA	
On the relationship between landscape ecological patterns and water quality across gradient zones of rapid urbanization in coastal China	journalArticle	2015	"Li, Yi; Li, Yangfan; Qureshi, Salman; Kappas, Martin; Hubacek, Klaus"	ECOLOGICAL MODELLING	China	Lianyungang	China	c-	qt	e	a	in	2	2	NA	NA	NA	NA	
Original design and ecological recreation: a comparative analysis of wetland parks in the Yangtse River Delta area	conferencePaper	2016	"Lin, Zhang; Yi-Ping, Xia; Qiong, Wu; Lin-Fang, She; Han, Li; Ting-Li, Ruan"	XXIX INTERNATIONAL HORTICULTURAL CONGRESS ON HORTICULTURE: SUSTAINING LIVES, LIVELIHOODS AND LANDSCAPES(IHC2014): V INTERNATIONAL CONFERENCE ON LANDSCAPE AND URBAN HORTICULTURE AND INTERNATIONAL SYMPOSIUM ON SUSTAINABLE MANAGEMENT IN THE URBAN FOREST	China	Shanghai	China	c+	o	e	ab	in	2	2	NA	NA	NA	NA	
Over one hundred years of trace metal fluxes in the sediments of the Pearl River Estuary, South China	journalArticle	2004	"Ip, CCM; Li, XD; Zhang, G; Farmer, JG; Wai, OWH; Li, YS"	ENVIRONMENTAL POLLUTION	China	Shenzhen	China	c+	qt	e	a	in	2	2	NA	NA	NA	NA	
PAH content and mutagenicity of marine sediments from the Venice lagoon	journalArticle	1996	"LaRocca, C; Conti, L; Crebelli, R; Crochi, B; Iacovella, N; Rodriguez, F; TurrioBaldassarri, L; diDomenico, A"	ECOTOXICOLOGY AND ENVIRONMENTAL SAFETY	Italy	Venice	Italy	c-	qt	e	a	in	1	1	NA	NA	NA	NA	
Perspectives for Hamburg as a port city in the context of a changing global environment	journalArticle	2008	Grossmann, Iris	GEOFORUM	Germany	Hambourg	Germany	c-	qt	se	ah	of	1	1	NA	NA	NA	NA	
PHYSICAL-GEOGRAPHY IN SOUTHEAST-ASIA - PAST THEMES, CURRENT STATUS AND FUTURE-TRENDS	journalArticle	1993	"GUPTA, A; WONG, PP"	SINGAPORE JOURNAL OF TROPICAL GEOGRAPHY	China	review	China	c+	o	e	a	in	2	2	NA	NA	NA	NA	
Plastic ingestion by estuarine mullet Mugil cephalus (Mugilidae) in an urban harbour, KwaZulu-Natal, South Africa	journalArticle	2016	"Naidoo, T.; Smit, A. J.; Glassom, D."	AFRICAN JOURNAL OF MARINE SCIENCE	South Africa	KwaZulu-Natal	South Africa	c-	qt	e	ab	in	2	2	NA	NA	NA	NA	
Practical precautions, reasonable responses: How South Australia's planning regime adapts to the coastal impacts of climate change	journalArticle	2015	Watson, John	ENVIRONMENTAL AND PLANNING LAW JOURNAL	Australia	Adelaide	Australia	c+	o	sp	ah	for	1	1	NA	NA	NA	NA	
Presenting SAPUSS: Solving Aerosol Problem by Using Synergistic Strategies in Barcelona, Spain	journalArticle	2013	"Dall'Osto, M.; Querol, X.; Alastuey, A.; Minguillon, M. C.; Alier, M.; Amato, F.; Brines, M.; Cusack, M.; Grimalt, J. O.; Karanasiou, A.; Moreno, T.; Pandolfi, M.; Pey, J.; Reche, C.; Ripoll, A.; Tauler, R.; Van Drooge, B. L.; Viana, M.; Harrison, R. M.; Gietl, J.; Beddows, D.; Bloss, W.; O'Dowd, C.; Ceburnis, D.; Martucci, G.; Ng, N. L.; Worsnop, D.; Wenger, J.; Mc Gillicuddy, E.; Sodeau, J.; Healy, R.; Lucarelli, F.; Nava, S.; Jimenez, J. L.; Gomez Moreno, F.; Artinano, B.; Prevot, A. S. H.; Pfaffenberger, L.; Frey, S.; Wilsenack, F.; Casabona, D.; Jimenez-Guerrero, P.; Gross, D.; Cots, N."	ATMOSPHERIC CHEMISTRY AND PHYSICS	Spain	Barcelona	Spain	c	qt	e	a	in	1	1	NA	NA	NA	NA	
Preserving coastal natural character: Court interpretations of a long-standing New Zealand policy goal	journalArticle	2015	Froude, Victoria Ann	NEW ZEALAND GEOGRAPHER	New Zealand	na	New Zealand	c+	o	sp	ah	for	1	1	NA	NA	NA	NA	
Quantifying Feeding Behavior of Ribbed Mussels (Geukensia demissa) in Two Urban Sites (Long Island Sound, USA) with Different Seston Characteristics	journalArticle	2013	"Galimany, Eve; Rose, Julie M.; Dixon, Mark S.; Wikfors, Gary H."	ESTUARIES AND COASTS	USA	Milford	USA	c-	qt	e	b	in	1	1	NA	NA	NA	NA	
Radiocarbon in Vegetation of coastal Zone of Finnish Bay (Russia)	conferencePaper	2011	"Kulkova, Marianna; Chadov, Fedor; Davidochkina, Alena"	2011 INTERNATIONAL CONFERENCE ON ENVIRONMENT SCIENCE AND BIOTECHNOLOGY (ICESB 2011)	Russia	St Petersboug	Russia	c+	qt	e	ab	in	2	2	NA	NA	NA	NA	
Radiometric normalization for change detection in peatlands: a modified temporal invariant cluster approach	journalArticle	2013	"O'Connell, Jerome; Connolly, John; Vermote, Eric F.; Holden, Nicholas M."	INTERNATIONAL JOURNAL OF REMOTE SENSING	Ireland	Dublin	Ireland	c+	qt	e	a	in	1	1	NA	NA	NA	NA	
Regional evaluation of particulate matter composition in an Atlantic coastal area (Cantabria region, northern Spain): Spatial variations in different urban and rural environments	journalArticle	2011	"Arruti, A.; Fernandez-Olmo, I.; Irabien, A."	ATMOSPHERIC RESEARCH	Spain	Santander	Spain	c	qt	e	a	in	1	1	NA	NA	NA	NA	
Relationship Between Epibenthic Invertebrate Species Assemblages and Environmental Variables in Boston Harbor's Intertidal Habitat	journalArticle	2016	"Eddy, Elizabeth N.; Roman, Charles T."	NORTHEASTERN NATURALIST	Island	Boston	USA	c-	qt	e	b	in	2	1	NA	NA	NA	NA	
Resilience thinking and urban planning in a coastal environment at risks of tsunamis: the case study of Mehuin, Chile	journalArticle	2016	"Villagra, Paula; Herrmann, Geraldine; Quintana, Carolina; Sepulveda, Roger D."	REVISTA DE GEOGRAFIA NORTE GRANDE	Chile	Mehuin	Chile	c	o	sp	ah	for	2	2	NA	NA	NA	NA	
Review of the ecology of Australian urban fauna: A focus on spatially explicit processes	journalArticle	2006	"Garden, J; McAlpine, C; Peterson, A; Jones, D; Possingham, HP"	AUSTRAL ECOLOGY	Australia	review	Australia	c+	ql	e	b	in	1	1	NA	NA	NA	NA	
Runoff of particle bound pollutants from urban impervious surfaces studied by analysis of sediments from stormwater traps	journalArticle	2008	"Jartun, Morten; Ottesen, Rolf Tore; Steinnes, Eiliv; Volden, Tore"	SCIENCE OF THE TOTAL ENVIRONMENT	Norway	Bergen	Norway	c	qt	e	a	in	1	1	NA	NA	NA	NA	
Seasonal and spatial distribution of metals in surface sediment of an urban estuary	journalArticle	2008	"Buggy, Conor J.; Tobin, John M."	ENVIRONMENTAL POLLUTION	Ireland	Dublin	Ireland	c-	qt	e	a	in	1	1	NA	NA	NA	NA	
Seasonal population dynamics of the Australian White Ibis (Threskiornis molucca) in urban environments	journalArticle	2010	"Smith, Andrew C. M.; Munro, Ursula"	EMU	Australia	Sydney	Australia	c-	qt	e	b	in	1	1	NA	NA	NA	NA	
Seasonal variability of aerosol optical properties in Darwin, Australia	journalArticle	2010	"Bouya, Zahra; Box, Gail P.; Box, Michael A."	JOURNAL OF ATMOSPHERIC AND SOLAR-TERRESTRIAL PHYSICS	Australia	Darwin	Australia	c-	qt	e	a	in	1	1	NA	NA	NA	NA	
Small island urban tourism: a residents' perspective	journalArticle	2010	"Nunkoo, Robin; Ramkissoon, Haywantee"	CURRENT ISSUES IN TOURISM	Mauritius	Port Louis	Mauritius	c	ql	se	h	of	2	2	NA	NA	NA	NA	
Social and economic impacts of climate change on the urban environment	journalArticle	2011	"Gasper, Rebecca; Blohm, Andrew; Ruth, Matthias"	CURRENT OPINION IN ENVIRONMENTAL SUSTAINABILITY	USA	na	USA	c+	qt	se	ah	of	1	1	NA	NA	NA	NA	
Some examples of water recycling in Australian urban environments: a step towards environmental sustainability	conferencePaper	2003	Gardner, EA	WATER RECYCLING IN THE MEDITERRANEAN REGION	Australia	Adelaide	Australia	c	o	se	ah	of	1	1	NA	NA	NA	NA	
Source apportionment of inorganic ions in airborne urban particles from Coruna city (NW of Spain) using positive matrix factorization	journalArticle	1999	"Prendes, P; Andrade, JM; Lopez-Mahia, P; Prada, D"	TALANTA	Spain	Coruna	Spain	c	qt	e	a	in	1	1	NA	NA	NA	NA	
Spatial and Temporal Analysis of Organic and Black Carbon Mass Concentrations in Lithuania	journalArticle	2015	"Pauraite, Julija; Mordas, Genrik; Bycenkiene, Steigvile; Ulevicius, Vidmantas"	ATMOSPHERE	Lithuania	Preila	Lithuania	c	qt	e	a	in	2	2	NA	NA	NA	NA	
Study of the Coastal City's Sustainable Development between Regional Oceanic Economy and Ecological Environment	conferencePaper	2008	"Dexiang, Feng; Danli, Xi"	PROCEEDINGS OF 2008 CONFERENCE ON REGIONAL ECONOMY AND SUSTAINABLE DEVELOPMENT	China	Rizhao	China	c	qt	se	ah	of	2	2	NA	NA	NA	NA	
Study on Thermal Environmental Distribution in Coastal City Using ASTER Data	conferencePaper	2009	"Cui, Hua; Yuan, Lu"	2009 JOINT URBAN REMOTE SENSING EVENT, VOLS 1-3	China	Beihai	China	c	qt	e	a	in	2	2	NA	NA	NA	NA	
Testing the Contribution of WorldView-2 Improved Spectral Resolution for Extracting Vegetation Cover in Urban Environments	journalArticle	2015	"Santos, Teresa; Freire, Sergio"	CANADIAN JOURNAL OF REMOTE SENSING	Portugal	Lisbon	Portugal	c	m	ep	bh	for	1	1	NA	NA	NA	NA	
The 2010 California Research at the Nexus of Air Quality and Climate Change (CalNex) field study	journalArticle	2013	"Ryerson, T. B.; Andrews, A. E.; Angevine, W. M.; Bates, T. S.; Brock, C. A.; Cairns, B.; Cohen, R. C.; Cooper, O. R.; de Gouw, J. A.; Fehsenfeld, F. C.; Ferrare, R. A.; Fischer, M. L.; Flagan, R. C.; Goldstein, A. H.; Hair, J. W.; Hardesty, R. M.; Hostetler, C. A.; Jimenez, J. L.; Langford, A. O.; McCauley, E.; McKeen, S. A.; Molina, L. T.; Nenes, A.; Oltmans, S. J.; Parrish, D. D.; Pederson, J. R.; Pierce, R. B.; Prather, K.; Quinn, P. K.; Seinfeld, J. H.; Senff, C. J.; Sorooshian, A.; Stutz, J.; Surratt, J. D.; Trainer, M.; Volkamer, R.; Williams, E. J.; Wofsy, S. C."	JOURNAL OF GEOPHYSICAL RESEARCH-ATMOSPHERES	Australia	review	review	c-	qt	e	a	in	1	2	NA	NA	NA	NA	
The contribution of heavy metal pollution derived from highway runoff to Guanabara Bay sediments - Rio-de-Janeiro/Brazil	journalArticle	2007	"Pereira, Edisio; Baptista-Neto, Jose A.; Smith, Bernard J.; McAllister, John J."	ANAIS DA ACADEMIA BRASILEIRA DE CIENCIAS	Brazil	Rio de Janeiro	Brazil	c-	qt	e	a	in	2	2	NA	NA	NA	NA	
The Coordinated Development Degree Between Urban Tourism and Ecological Environment of Main Coastal Cities Around Bohai Sea	conferencePaper	2011	"Chen, Huili; Li, Hongbo"	PROCEEDINGS OF THE FIFTH INTERNATIONAL SYMPOSIUM ON GREEN HOSPITALITY AND TOURISM MANAGEMENT	China	Tianjin	China	c	ql	se	a	in	2	2	NA	NA	NA	NA	
The Hinge Areas for Urban Regeneration in Seaside Cities: the High Line in Manhattan, NYC	conferencePaper	2014	Di Girasole, Eleonora Giovene	NEW METROPOLITAN PERSPECTIVES: THE INTEGRATED APPROACH OF URBAN SUSTAINABLE DEVELOPMENT	Italy	Manhattan	USA	c	ql	se	ah	of	1	1	NA	NA	NA	NA	
The impacts of climate change and urbanisation on drainage in Helsingborg, Sweden: Combined sewer system	journalArticle	2008	"Semadeni-Davies, Annette; Hernebring, Claes; Svensson, Gilbert; Gustafsson, Lars-Goeran"	JOURNAL OF HYDROLOGY	Sweden	Helsingborg	Sweden	c	qt	ep	ah	for	1	1	NA	NA	NA	NA	
The influence of the summer sea breeze on thermal comfort in Funchal (Madeira). A contribution to tourism and urban planning	journalArticle	2011	"Lopes, Antonio; Lopes, Sergio; Matzarakis, Andreas; Alcoforado, Maria Joao"	METEOROLOGISCHE ZEITSCHRIFT	Portugal	Funchal	Portugal	c	qt	ep	ah	for	1	1	NA	NA	NA	NA	
The June 2007 Saharan dust event in the central Mediterranean: Observations and radiative effects in marine, urban, and sub-urban environments	journalArticle	2011	"Gomez-Amo, J. L.; Pinti, V.; Di Iorio, T.; di Sarra, A.; Meloni, D.; Becagli, S.; Bellantone, V.; Cacciani, M.; Fua, D.; Perrone, M. R."	ATMOSPHERIC ENVIRONMENT	Italy	Roma	Italy	c-	qt	e	a	in	1	1	NA	NA	NA	NA	
The pest status of Australian white ibis (Threskiornis molucca) in urban situations and the effectiveness of egg-oil in reproductive control	journalArticle	2007	"Martin, John M.; French, Kris; Major, Richard E."	WILDLIFE RESEARCH	Australia	Sudney	Australia	c-	qt	e	b	in	1	1	NA	NA	NA	NA	
The Road Ahead: The Sustainability Transition and Coastal Research	journalArticle	2009	Weinstein, Michael P.	ESTUARIES AND COASTS	USA	na	na	na	o	se	ah	of	1	na	NA	NA	NA	NA	
THE STATE OF THE GREEK ENVIRONMENT IN RECENT YEARS	journalArticle	1994	"KATSOULIS, BD; TSANGARIS, JM"	AMBIO	Greece	Athens	Greece	c	o	e	ab	in	1	1	NA	NA	NA	NA	
The urban heat island in a small city in coastal Portugal	journalArticle	2000	"Pinho, OS; Orgaz, MDM"	INTERNATIONAL JOURNAL OF BIOMETEOROLOGY	Portugal	Aveiro	Portugal	c-	qt	e	a	in	1	1	NA	NA	NA	NA	
Three-year ground based measurements of aerosol optical depth over the Eastern Mediterranean: the urban environment of Athens	journalArticle	2011	"Gerasopoulos, E.; Amiridis, V.; Kazadzis, S.; Kokkalis, P.; Eleftheratos, K.; Andreae, M. O.; Andreae, T. W.; El-Askary, H.; Zerefos, C. S."	ATMOSPHERIC CHEMISTRY AND PHYSICS	Greece	Athens	Greece	c	qt	e	a	in	1	1	NA	NA	NA	NA	
Tourism Planning in Sub-regional Destinations: Heterogeneity of the Tourist Experience on the Andalusian Coastal Municipalities	journalArticle	2010	"Manuel Lopez-Bonilla, Jesus; Miguel Lopez-Bonilla, Luis"	EUROPEAN PLANNING STUDIES	Spain	Sevilla	Spain	c+	qt	se	ah	of	1	1	NA	NA	NA	NA	
Towards an integrated approach for characterization of sinkhole hazards in urban environments: the unstable coastal site of Casalabate, Lecce, Italy	journalArticle	2010	"Delle Rose, Marco; Leucci, Giovanni"	JOURNAL OF GEOPHYSICS AND ENGINEERING	Italy	Casabalate	Italy	c	m	e	a	in	1	1	NA	NA	NA	NA	
Trace metal distribution in sediments of the Pearl River Estuary and the surrounding coastal area, South China	journalArticle	2007	"Ip, Carman C. M.; Li, Xiang-Dong; Zhang, Gan; Wai, Onyx W. H.; Li, Yok-Sheung"	ENVIRONMENTAL POLLUTION	China	Shenzhen	China	c+	qt	e	a	in	2	2	NA	NA	NA	NA	
Tracking lead origin in the Yellow River Estuary and nearby Bohai Sea based on its isotopic composition	journalArticle	2015	"Hu, Ning-jing; Huang, Peng; Liu, Ji-hua; Shi, Xue-fa; Ma, De-yi; Zhu, Ai-mei; Zhang, Jun; Zhang, Hui; He, Lian-hua"	ESTUARINE COASTAL AND SHELF SCIENCE	China	Bohai	China	c+	qt	e	a	in	2	2	NA	NA	NA	NA	
Urban vs. extra-urban environments: Scales of variation of intertidal benthic assemblages in north Portugal	journalArticle	2014	"Oliveira, J. P.; Sousa-Pinto, I.; Weber, G. M.; Bertocci, I."	MARINE ENVIRONMENTAL RESEARCH	Portugal	Porto	Portugal	c+	qt	e	b	in	1	1	NA	NA	NA	NA	
Urbanisation effects on summer habitat comfort: a case study of three coastal cities in southeast China	journalArticle	2010	"Ye, Hong; Wang, Kai; Huang, Shaopeng; Chen, Feng; Xiong, Yongzhu; Zhao, Xiaofeng"	INTERNATIONAL JOURNAL OF SUSTAINABLE DEVELOPMENT AND WORLD ECOLOGY	China	Xiamen	China	c	qt	se	ah	of	2	2	NA	NA	NA	NA	
Variability in atmospheric chlorofluorocarbons (CCl3F and CCl2F2) near a large urban area: Implications for groundwater dating	journalArticle	1998	"Ho, DT; Schlosser, P; Smethie, WM; Simpson, HJ"	ENVIRONMENTAL SCIENCE & TECHNOLOGY	USA	New York	USA	c-	qt	e	a	in	1	1	NA	NA	NA	NA	
Vertical and horizontal variability of PM10 source contributions in Barcelona during SAPUSS	journalArticle	2016	"Brines, Mariola; Dall'Osto, Manuel; Amato, Fulvio; Cruz Minguillon, Maria; Karanasiou, Angeliki; Alastuey, Andres; Querol, Xavier"	ATMOSPHERIC CHEMISTRY AND PHYSICS	Spain	Barcelona	Spain	c	qt	e	a	in	1	1	NA	NA	NA	NA	
Volatile organic compounds in an urban airborne environment adjacent to a municipal incinerator, waste collection centre and sewage treatment plant	journalArticle	1999	"Leach, J; Blanch, A; Bianchi, AC"	ATMOSPHERIC ENVIRONMENT	UK	Southampton	UK	c-	qt	e	a	in	1	1	NA	NA	NA	NA	
Watershed-based sources of polycyclic aromatic hydrocarbons in urban storm water	journalArticle	2006	"Stein, ED; Tiefenthaler, LL; Schiff, K"	ENVIRONMENTAL TOXICOLOGY AND CHEMISTRY	USA	Los Angeles	USA	c	qt	e	a	in	1	1	NA	NA	NA	NA	
What Lies Beneath Science, Nature, and the Making of Boston Harbor	journalArticle	2009	Rawson, Michael	JOURNAL OF URBAN HISTORY	USA	Boston	USA	c-	o	se	ah	of	1	1	NA	NA	NA	NA	
Why do floating structures create novel habitats for subtidal epibiota?	journalArticle	2002	"Holloway, MG; Connell, SD"	MARINE ECOLOGY PROGRESS SERIES	Australia	Sydney	Australia	c-	qt	e	b	in	1	1	NA	NA	NA	NA	
Seasonal dynamics of a drosophilid (Diptera) assemblage and its potencial as bioindicator in open environments	NA	NA	NA	NA	NA	NA	NA	NA	NA	NA	NA	NA	NA	NA	"Bizzo, Luis; Gottschalk, Marco S.; De Toni, Daniela C. & Hofmann, Paulo R. P."	evaluacion de degradacion bosque costero comparando urbano- no urbano según drosophilas como bioindicadores	restringas conforman un ambiente costero al igual que los manglares o las dunas	NA	
Incorporating Public Health Impact Assessment Into The Optioneering Process For A Dredge Licensing Application	NA	NA	NA	NA	NA	NA	NA	NA	NA	NA	NA	NA	NA	NA	Buggy, Conor	Licencias de drenaje y la incorporacion del health impact assessment	efecto de actividades urbanas en sistemas marinos, incluye salud publica y daño ambiental	NA	
Is it time for urban ecology to include the marine realm?	NA	NA	NA	NA	NA	NA	NA	NA	NA	NA	NA	NA	NA	NA	Bulleri, Fabio	se discute de forma general (nota) porque hay pocos trabajos en ecologia urbana marina	NA	NA	
Groundwater-derived nutrient inputs to the Upper Gulf of Thailand	NA	NA	NA	NA	NA	NA	NA	NA	NA	NA	NA	NA	NA	NA	"Burnett, William C.; Wattayakorn, Gullaya; Taniguchi, Makoto; Dulaiova, Henrieta; Sojisuporn, Pramot; Rungsupa, Sompop & Ishitobi, Tomotoshi"	medicion flujos de nutrientes por descarga de agua en la costa por efecto urbano, comparando estaciones	ecologico? Hay relacino efecto-organismos? Es necesario?	NA	
Rare earth elements and Sr-Nd isotopes in mosses from Romagna (Italy) and their environmental significance	NA	NA	NA	NA	NA	NA	NA	NA	NA	NA	NA	NA	NA	NA	Castorina, Francesca & Masi, Umberto	medicion de elementos raros en musgos en distintos ambientes, urbano-no urbano, incluido cerca del mar	es ecologia y compara con ambiente marino y con zonas urbanas o mas naturales	NA	
Integrated methods for analysis of deterioration of cultural heritage: the Crypt of “Cattedrale di Otranto”	NA	NA	NA	NA	NA	NA	NA	NA	NA	NA	NA	NA	NA	NA	"Cataldo, R; De Donno, A; De Nunzio, G; Leucci, G; Nuzzo, L; Siviero, S"	efecto de aerosoles marinos sobre el deterioro de monumentos en zonas urbanas contemplando actividad biologica	NA	NA	
Characterisation of CIME, an experimental chamber for simulating interactions between materials of the cultural heritage and the environment	NA	NA	NA	NA	NA	NA	NA	NA	NA	NA	NA	NA	NA	NA	"Chabas, A.; Fouqueau, A.; Attoui, M.; Alfaro, S. C.; Petitmangin, A.; Bouilloux, A.; Saheb, M.; Coman, A.; Lombardo, T.; Grand, N.; Zapf, P.; Berardo, R.; Duranton, M.; Durand-Jolibois, R.; Jerome, M.; Pangui, E.; Correia, J. J.; Guillot, I.; Nowak, S."	similacion de condiciones naturales sobre material cultural , simula condciones ambientales urbanas y marinas como la deposition de particulas	NA	NA	
A global review of polybrominated diphenyl ether flame retardant contamination in birds	NA	NA	NA	NA	NA	NA	NA	NA	NA	NA	NA	NA	NA	NA	Chen, Da & Hale, Robert C.	contaminacion de PBDE sobre aves y las diferencias ente aves con de alimentacion acuatica y terrestre	NA	NA	
Sustainable In-Situ Water Resource Management Strategies in Water Scarce Urban Environment	NA	NA	NA	NA	NA	NA	NA	NA	NA	NA	NA	NA	NA	NA	"Chengyao, Peng; Shuying, Wang; Jie, Zhang; Chong, Lim Chin; Kah, Ooi Lin"	estrategias de uso de fuentes de agua en zona urbana considerando contaminación del recurso en ambientes costeros (peninsula)	no hay investigacion ecologica, pero si lleva planificacion sustentable	NA	
HYDRAULIC WORKS AND URBAN SPACE IN MACAE RIVER'S ESTUARY	NA	NA	NA	NA	NA	NA	NA	NA	NA	NA	NA	NA	NA	NA	"Cordeiro Sayd, Joao Lemos; Britto, Ana Lucia"	transformacion del estuario y modificacion del recurso agua(cuerpos de agua o agua corriente)	No incluye investigación ecologica, pero si planificacion humana	NA	
Ecological Tourism Bearing Capacity Assessment based on Analytic Hierarchy Process	NA	NA	NA	NA	NA	NA	NA	NA	NA	NA	NA	NA	NA	NA	"Fang-rui, Zhang; Hong, Suo"	turismo costero y capacidad de carga del ambiente	NA	no estan en mi selección de 426 papers	
The effect of climate change in the future development of tourism: a theoretical approach	NA	NA	NA	NA	NA	NA	NA	NA	NA	NA	NA	NA	NA	NA	Galanos, G.	el efecto del cambio climatico sobre la actividad turistica en la costa	NA	NA	
A Parcel-Scale Coastal Flood Forecasting Prototype for a Southern California Urbanized Embayment	NA	NA	NA	NA	NA	NA	NA	NA	NA	NA	NA	NA	NA	NA	"Gallien, Timu W.; Barnard, Patrick L.; van Ormondt, Maarten; Foxgrover, Amy C. & Sanders, Brett F."	inundaciones en ciudades costeras	NA	NA	
TAMARIX ARBOREA VAR. ARBOREA AND TAMARIX PARVIFLORA: TWO SPECIES VALUED FOR THEIR ADAPTABILITY TO STRESS CONDITIONS	NA	NA	NA	NA	NA	NA	NA	NA	NA	NA	NA	NA	NA	NA	"Grisafi, Francesca; Oddo, Elisabetta; Gargano, Maria Letizia; Inzerillo, Simone; Russo, Gianni & Venturella, Giuseppe"	plantas ornamentales en distintas condiciones estresantes, como ambientes costeros por resistencia a salinidad	NA	NA	
Characterisation of atmospheric deposited particles during a dust storm in urban areas of Eastern Australia	NA	NA	NA	NA	NA	NA	NA	NA	NA	NA	NA	NA	NA	NA	"Gunawardena, Janaka; Ziyath, Abdul M.; Bostrom, Thor E.; Bekessy, Lambert K.; Ayoko, Godwin A.; Egodawatta, Prasanna & Goonetilleke, Ashantha"	efecto de las tormentas de arena sobre ecosistemas, comparacion con sectores urbanos	NA	NA	
The Rotterdam approach: connecting water with opportunities	NA	NA	NA	NA	NA	NA	NA	NA	NA	NA	NA	NA	NA	NA	Jacobs, J. C. J.	cambio climatico y el aumento del nivel del mar que podria afectar las ciudades costeras	NA	NA	
The influence of urban design on outdoor thermal comfort in the hot, humid city of Colombo, Sri Lanka	NA	NA	NA	NA	NA	NA	NA	NA	NA	NA	NA	NA	NA	NA	Johansson, Erik & Emmanuel, Rohinton	temperatura de confort en micrositios durante la estacion calida, cercana a la costa, con vientos de la costa	brisa marina y reaccion humana	NA	
GIS-based assessment of urban environmental quality in Port-au-Prince, Haiti	NA	NA	NA	NA	NA	NA	NA	NA	NA	NA	NA	NA	NA	NA	"Joseph, Myrtho; Wang, Fahui & Wang, Lei"	gis entrega un indice de calidad ambiental para la vida de los residentes, se considera la cercania a la costa	se valida los resutados con encuestas de percepcion	NA	
International Year of Planet Earth 9. Geology in the Urban Environment in Canada	NA	NA	NA	NA	NA	NA	NA	NA	NA	NA	NA	NA	NA	NA	Karrow, P. F. & Clague, John J.	problemas urbanos producto de como la geologia juega un rol importante. Usod e energias alternativas	NA	NA	
Field measurement on the comfort level of acoustic environment in coastal zone	NA	NA	NA	NA	NA	NA	NA	NA	NA	NA	NA	NA	NA	NA	Katayama, M	mediciones de la vista frente al mar considerando ambientes urbanos , facctores fisicos y ambientes naturales	NA	NA	
Interactive Simulation and Visualisation of Realistic Flooding Scenarios	NA	NA	NA	NA	NA	NA	NA	NA	NA	NA	NA	NA	NA	NA	Kehl, Christian & de Haan, Gerwin	inundciones en regiones costeras y zonas urbanas y su efecto en la poblacion humana	NA	NA	
Northwest African and Middle Eastern food and dietary change of indigenous peoples	NA	NA	NA	NA	NA	NA	NA	NA	NA	NA	NA	NA	NA	NA	"Kuhnlein, H. V.; Johns, T. & Peoples, I. U. N. S. Task Force Indigenous"	cambios de dieta en indigenas africanos producto de la urbanizacion	se cconsidera ambientes costeros	NA	
Integrating climate change factors into China's development policy: Adaptation strategies and mitigation to environmental change	NA	NA	NA	NA	NA	NA	NA	NA	NA	NA	NA	NA	NA	NA	"Li, Yangfan; Yang, Xiao; Zhu, Xiaodong; Mulvihill, Peter R.; Matthews, H. Damon; Sun, Xiang"	planificacion para el cambio climatico	NA	NA	
Responses of avian guilds to urbanisation in a tropical city	NA	NA	NA	NA	NA	NA	NA	NA	NA	NA	NA	NA	NA	NA	Lim, H. C. & Sodhi, N. S.	respuesta de las aves a la urbanizacion	NA	NA	
Dynamics and controls of urban heat sink and island phenomena in a desert city: Development of a local climate zone scheme using remotely-sensed inputs	NA	NA	NA	NA	NA	NA	NA	NA	NA	NA	NA	NA	NA	NA	"Nassar, Ahmed K.; Blackburn, G. Alan & Whyatt, J. Duncan"	temperatura de la ciudad y efectos del mar y otros fcctores	NA	NA	
Assessment of human thermal perception in the hot-humid climate of Dar es Salaam, Tanzania	NA	NA	NA	NA	NA	NA	NA	NA	NA	NA	NA	NA	NA	NA	Ndetto, Emmanuel L. & Matzarakis, Andreas	perceptcion de temperatura en ambiente costero e interior enla epoca calida	ademas incluye percepciones de las personas	NA	
Multitiered approach using quantitative PCR to track sources of fecal pollution affecting Santa Monica Bay, California	NA	NA	NA	NA	NA	NA	NA	NA	NA	NA	NA	NA	NA	NA	"Noble, R. T.; Griffith, J. F.; Blackwood, A. D.; Fuhrman, J. A.; Gregory, J. B.; Hernandez, X.; Liang, X. L.; Bera, A. A. & Schiff, K."	presencia bacterias fecales en los rios y deposicion en la costa	NA	NA	
Unhealthy landscapes: Policy recommendations on land use change and infectious disease emergence	NA	NA	NA	NA	NA	NA	NA	NA	NA	NA	NA	NA	NA	NA	"Patz, JA; Daszak, P; Tabor, GM; Aguirre, AA; Pearl, M; Epstein, J; Wolfe, ND; Kilpatrick, AM; Foufopoulos, J; Molyneux, D; Bradley, DJ; Dis, Working Grp Land Use Change"	cambios de uso de suelo, degradacion y contagio de enferemedades	NA	NA	
SUSTAINABLE PLANNING FOR POOR COMMUNITIES: URBAN DESIGN STUDIOS AS A CATALYST FOR DEVELOPMENT IN COLOMBIA	NA	NA	NA	NA	NA	NA	NA	NA	NA	NA	NA	NA	NA	NA	Pizarro, Rafael E.	diseño urbano en ciudades costeras	NA	NA	
ANTIBODIES TO SPOTTED-FEVER GROUP RICKETTSIAE IN DOGS IN CROATIA	NA	NA	NA	NA	NA	NA	NA	NA	NA	NA	NA	NA	NA	NA	"PUNDAPOLIC, V.; BRADARIC, N.; KLISMANICNUBER, Z.; MRLJAK, V. & GILJANOVIC, M."	anticuerpos y perros enfermos en ciudades costeras y continentales de croacia	NA	NA	
Patterns, Drivers and Implications of Demographic Change in Rural Landscapes	NA	NA	NA	NA	NA	NA	NA	NA	NA	NA	NA	NA	NA	NA	"Race, Digby; Luck, Gary W.; Black, Rosemary"	migraciones de la poblacion humana de ciudades a pueblos costeros	NA	NA	
Nitrogen-cycling process rates across urban ecosystems	NA	NA	NA	NA	NA	NA	NA	NA	NA	NA	NA	NA	NA	NA	"Reisinger, Alexander J.; Groffman, Peter M. & Rosi-Marshall, Emma J."	nitrogeno como nutriente en distintos ecosistemas	NA	NA	
Comparison of the exotic and native ant communities (Hymenoptera: Formicidae) in urban green areas at inland, coastal and insular sites in Spain	NA	NA	NA	NA	NA	NA	NA	NA	NA	NA	NA	NA	NA	NA	Reyes-Lopez, Joaqun & Carpintero, Soledad	comunidades en distintos ambientes	NA	NA	
Urban flood mitigation: sustainable options	NA	NA	NA	NA	NA	NA	NA	NA	NA	NA	NA	NA	NA	NA	"Serre, D.; Barroca, B. & Diab, Y."	evolucion del riesgo de inundaciones en distintos ambientes	NA	NA	
Assessing the Role of Parameter and Input Uncertainty in Ecohydrologic Modeling: Implications for a Semi-arid and Urbanizing Coastal California Catchment	NA	NA	NA	NA	NA	NA	NA	NA	NA	NA	NA	NA	NA	NA	Shields, Catherine A. & Tague, Christina L.	interaccion planta-agua en distintos ambientes	NA	NA	
Change in Environmental Benefits of Urban Land Use and Its Drivers in Chinese Cities, 2000-2010	NA	NA	NA	NA	NA	NA	NA	NA	NA	NA	NA	NA	NA	NA	"Song, Xiaoqing; Chang, Kang-tsung; Yang, Liang; Scheffran, Juergen"	comparacion desarrollo en distintas ciudades de china sumado a otros factores	NA	NA	
The CELRL and climate changes: Urban and environmental protection and restoration of French coasts	NA	NA	NA	NA	NA	NA	NA	NA	NA	NA	NA	NA	NA	NA	"Stamatiou, Eleni; Lacroix, Richard-N."	cambio climatico y proteccion del borde costero	NA	NA	
`Eco-city' to `disaster-resilient eco-community': a concerted approach in the coastal city of Puri, India	NA	NA	NA	NA	NA	NA	NA	NA	NA	NA	NA	NA	NA	NA	Surjan, Akhilesh Kumar & Shaw, Rajib	ecocities, planificacion y conservacion	NA	NA	
Changes in species assemblages within the Adelaide Metropolitan Area, Australia, 1836-2002	NA	NA	NA	NA	NA	NA	NA	NA	NA	NA	NA	NA	NA	NA	"Tait, C. J.; Daniels, C. B. & Hill, R. S."	comparacion de especies del presente al pasado, considdera aves marinas	NA	NA	
Levels and sources of polycyclic aromatic hydrocarbons (PAHs) in selected irrigated urban agricultural soils in Accra, Ghana	NA	NA	NA	NA	NA	NA	NA	NA	NA	NA	NA	NA	NA	NA	Tay, Collins K. & Biney, Charles A.	hidrocarbonos aromaticos en el suelo de actividad agricola proveniente de ambientes como el marino	NA	NA	
Urban environmental management in Shanghai: Achievements, problems, and prospects	NA	NA	NA	NA	NA	NA	NA	NA	NA	NA	NA	NA	NA	NA	Tu, W. & Shi, C.	shanghai, planificacion y desarrollo sustentable	NA	NA	
Integrating demographic and meteorological data in urban ecology: a case study of container-breeding mosquitoes in temperate Argentina	NA	NA	NA	NA	NA	NA	NA	NA	NA	NA	NA	NA	NA	NA	"Victoria Cardo, Maria; Vezzani, Dario; Rubio, Alejandra & Carbajo, Anibal E."	presencia de mosquito y zonacion ciudad de BBAA	NA	NA	
Resilience thinking and urban planning in a coastal environment under the risk of tsunami: the case of Mehuin, Chile	NA	NA	NA	NA	NA	NA	NA	NA	NA	NA	NA	NA	NA	NA	"Villagra, Paula; Herrmann, Geraldine; Quintana, Carolina; Sepulveda, Roger D."	planificacion ciudad costera según eventos naturales	NA	NA	
Integration of drainage, water quality and flood management in rural, urban and lowland areas	NA	NA	NA	NA	NA	NA	NA	NA	NA	NA	NA	NA	NA	NA	"Vlotman, Willem F.; Wong, Tony & Schultz, Bart"	manojo del drenaje de las aguas en sectores de ddistinta altura o incluso, cercanos a la costa	NA	NA	
Evaluation of urban planning strategies with a versatile urban growth model	NA	NA	NA	NA	NA	NA	NA	NA	NA	NA	NA	NA	NA	NA	Vye, D. & Rousseaux, F.	planificacion ciudad costera y sustentabilidad	NA	NA	
Research on the Retrieval of Land Surface Temperature based on MODIS Data	NA	NA	NA	NA	NA	NA	NA	NA	NA	NA	NA	NA	NA	NA	"Wang, Kang; Li, Liangchao; Guo, Yanni; Jin, Lanhai"	temperatura y uso de suelo según MODIS	NA	NA	
MECHANISMS OF CADMIUM TOXICITY TO VARIOUS TROPHIC SALTWATER ORGANISMS	NA	NA	NA	NA	NA	NA	NA	NA	NA	NA	NA	NA	NA	NA	"Wang, Zaosheng; Yen, Changzhou; Kong, Hainan; Wu, Deyi"	concentracion de cadmio en organismo en cadena trofica marina	NA	NA	
Home range, habitat use and movements by the little raven (Corvus mellori) in a coastal peri-urban landscape	NA	NA	NA	NA	NA	NA	NA	NA	NA	NA	NA	NA	NA	NA	"Whisson, Desley A.; Weston, Michael A.; Shannon, Kelly"	cuervo e toca puntos de ambientes marinos	NA	NA	
What the Deep Sea Can Tell Us about Microwaves	NA	NA	NA	NA	NA	NA	NA	NA	NA	NA	NA	NA	NA	NA	"Williams, Catrin F.; Lloyd, David; Lees, Jonathan; Pirog, Antoine; Geroni, Gilles M.; Pastre, Jordan; Kriegel, Valentin; Porch, Adrian"	uso de microorganismos para detectar efectos no termales de microondas	NA	NA	
Coupled modeling of storm surge and coastal inundation: A case study in New York City during Hurricane Sandy	NA	NA	NA	NA	NA	NA	NA	NA	NA	NA	NA	NA	NA	NA	"Yin, Jie; Lin, Ning; Yu, Dapeng"	modelacion inundaciones, huracan sandy	NA	NA	
Araca: biodiversity, impacts and threats	NA	NA	NA	NA	NA	NA	NA	NA	NA	NA	NA	NA	NA	NA	"Zacagnini Amaral, Antonia Cecilia; Migotto, Alvaro Eseves; Turra, Alexander; Schaeffer-Novelli, Yara"	resumen de un area de manglares en sao paulo, brasil	NA	NA	
Frequency Analysis for Predicting Extreme Precipitation in Changxing Station of Taihu Basin, China	NA	NA	NA	NA	NA	NA	NA	NA	NA	NA	NA	NA	NA	NA	"Zhou, Zhengzheng; Liu, Shuguang; Hua, Hong; Chen, Chang-Shian; Zhong, Guihui; Lin, Hejuan & Huang, Chien-Wei"	planificacion ciuda de la costa en china	NA	NA	
The public health planners' perfect storm: Hurricane Matthew and Zika virus	NA	NA	NA	NA	NA	NA	NA	NA	NA	NA	NA	NA	NA	NA	"Ahmed, Qanta A.; Memish, Ziad A."	huracan modificando ambientes urbanos y brotes de zika virus	NA	NA	
Green city Banda Aceh: city planning approach and environmental aspects	NA	NA	NA	NA	NA	NA	NA	NA	NA	NA	NA	NA	NA	NA	Arif, A. A.	conversion a una ciudad verde en la costa producto de tsunamis, planificacion y perspectiva ecologica de las ciudades y ambientes naturale	NA	NA	
Nowhere safe? Exploring the influence of urbanization across mainland and insular seashores in continental Portugal and the Azorean Archipelago	NA	NA	NA	NA	NA	NA	NA	NA	NA	NA	NA	NA	NA	NA	"Bertocci, Iacopo; Arenas, Francisco; Cacabelos, Eva; Martins, Gustavo M.; Seabra, Maria I.; Alvaro, Nuno V.; Fernandes, Joana N.; Gaiao, Raquel; Mamede, Nuno; Mulas, Martina; Neto, Ana I."	comparacion entre ambientes urbanos y menos afectados por humanos y costeros-terrestres	NA	NA	
Source apportionment of air pollutants in the Greater Auckland Region of New Zealand using receptor models and elemental levels in the lichen, Parmotrema reticulatum	NA	NA	NA	NA	NA	NA	NA	NA	NA	NA	NA	NA	NA	NA	"Boamponsem, Louis K.; de Freitas, C. R.; Williams, David"	liquen como biomonitor de contaminacion, considerando ambientes marinos o efectos marinos	NA	NA	
Coastal urban lighting has ecological consequences for multiple trophic levels under the sea	NA	NA	NA	NA	NA	NA	NA	NA	NA	NA	NA	NA	NA	NA	"Bolton, D.; Mayer-Pinto, M.; Clark, G. F.; Dafforn, K. A.; Brassil, W. A.; Becker, A.; Johnston, E. L."	efectos luz artificial durante la noche en las costas y efectos troficos costeros	NA	NA	
Perceptions of Caucasian users about avian resources and beach restoration following hurricane Sandy	NA	NA	NA	NA	NA	NA	NA	NA	NA	NA	NA	NA	NA	NA	"Burger, Joanna; Tsipoura, Nellie; Simnor, April; Pittfield, Taryn; Jeitner, Christian; Mizrahi, David; Niles, Larry; Ferguson, Lisa"	percepcciones de los usuarios de las playas sobre el uso de las playas de las aves que perdieron su habitat durante el huracan sandy	NA	NA	
Evaluation of coarse and fine particles in diverse Indian environments	NA	NA	NA	NA	NA	NA	NA	NA	NA	NA	NA	NA	NA	NA	"George, K. V.; Patil, Dinakar D.; Anil, Mulukutla N. V.; Kamal, Neel; Alappat, Babu J.; Kumar, Prashant"	estimacion de PM2,5 y su presencia en distintos ambietes	NA	NA	
Seagrass ecosystems reduce exposure to bacterial pathogens of humans, fishes, and invertebrates	NA	NA	NA	NA	NA	NA	NA	NA	NA	NA	NA	NA	NA	NA	"Lamb, Joleah B.; van de Water, Jeroen A. J. M.; Bourne, David G.; Altier, Craig; Hein, Margaux Y.; Fiorenza, Evan A.; Abu, Nur; Jompa, Jamaluddin; Harvell, C. Drew"	remocion de algas podria afectar la proteccion que realizan sobre control de bacterias, efecto de ambientes urbanos	NA	NA	
Quantifying urban ecological governance: A suite of indices characterizes the ecological planning implications of rapid coastal urbanization	NA	NA	NA	NA	NA	NA	NA	NA	NA	NA	NA	NA	NA	NA	"Li, Yangfan; Qiu, Jianhui; Zhao, Bo; Pavao-Zuckerman, Mitchell; Bruns, Antje; Qureshi, Salman; Zhang, Chen; Li, Yi"	caso de estudio en china donde evaluan un marco conceptual socio-ecologico	NA	sociecologico	
Assessment of human thermal perception in the hot-humid climate of Dar es Salaam, Tanzania	NA	NA	NA	NA	NA	NA	NA	NA	NA	NA	NA	NA	NA	NA	"Ndetto, Emmanuel L.; Matzarakis, Andreas"	percepcion de la temperatura de las personas en una region de africa en verano dondese comparo areas mas o menos intervenidas por el hombre	NA	socioecologico	
From urban climate to energy consumption. Enhancing building performance simulation by including the urban heat island effect	NA	NA	NA	NA	NA	NA	NA	NA	NA	NA	NA	NA	NA	NA	"Palme, M.; Inostroza, L.; Villacreses, G.; Lobato-Cordero, Andrea; Carrasco, C."	calentamiento de la ciudades, efecto isla en ciudades costeras del pacifico sur	NA	NA	
Modeling of urban wind ventilation using high resolution airborne LiDAR data	NA	NA	NA	NA	NA	NA	NA	NA	NA	NA	NA	NA	NA	NA	"Peng, Fen; Wong, Man Sing; Wan, Yiliang; Nichol, Janet E."	modelacion de los vientos provenientes del mar en la peninsula de Kowloon y el efecto pared de los edificios en la ciudad de hong kong	NA	NA	
Microscopic characterisation of black crusts on different substrates	NA	NA	NA	NA	NA	NA	NA	NA	NA	NA	NA	NA	NA	NA	"Pozo-Antonio, J. S.; Pereira, M. F. C.; Rocha, C. S. A."	presencia de costra negra en edificios, efecto urbano y comparacion entre ambientes, entre ellos marino y su efecto	NA	NA	
Citizen science datasets reveal drivers of spatial and temporal variation for anthropogenic litter on Great Lakes beaches	NA	NA	NA	NA	NA	NA	NA	NA	NA	NA	NA	NA	NA	NA	"Vincent, Anna; Drag, Nate; Lyandres, Olga; Neville, Sarah; Hoellein, Timothy"	basura producida por el hombre en costa oceanica, comparacion entre sustratos	NA	NA	
